
INSERT INTO labmember VALUES('Wendy Ji', '(514)-561-5587','active');
INSERT INTO labmember VALUES('Stone Chen', '(514)-531-3322','active');
INSERT INTO labmember VALUES('Zhi Zhang', '(514)-557-3232','active');
INSERT INTO labmember VALUES('Zach Friedenberger', '(514)-324-1237','active');
INSERT INTO labmember VALUES('Gracia Gu', '(514)-545-5123','active');
INSERT INTO labmember VALUES('Zhi Yue Zhang', '(514)-512-5567','active');
INSERT INTO labmember VALUES('Cindy Shaheen', '(514)-532-8521','active');
INSERT INTO labmember VALUES('Francis Stabile', '(514)-274-4887','active');
INSERT INTO labmember VALUES('Daniel Berard', '(514)-244-9817','active');
INSERT INTO labmember VALUES('Kim Metera', '(514)-274-4921','active');
INSERT INTO labmember VALUES('Radin Tahvildari', '(514)-284-1237','active');
INSERT INTO labmember VALUES('Romain Berti', '(514)-224-9387','active');
INSERT INTO labmember VALUES('Sabrina Leslie', '(514)-224-2837','active');
INSERT INTO labmember VALUES('Shane Scott', '(514)-274-9287','inactive');
INSERT INTO labmember VALUES('Haoran Liao', '(514)-271-1927','inactive');
INSERT INTO labmember VALUES('Yash Patel', '(514)-292-1927','inactive');


INSERT INTO researchassistant VALUES('Wendy Ji');
INSERT INTO researchassistant VALUES('Stone Chen');
INSERT INTO researchassistant VALUES('Zhi Zhang');
INSERT INTO researchassistant VALUES('Zach Friedenberger');
INSERT INTO researchassistant VALUES('Gracia Gu');
INSERT INTO researchassistant VALUES('Haoran Liao');
INSERT INTO researchassistant VALUES('Yash Patel');


INSERT INTO researcher VALUES('Zhi Yue Zhang', 'master');
INSERT INTO researcher VALUES('Cindy Shaheen', 'PhD');
INSERT INTO researcher VALUES('Francis Stabile', 'PhD');
INSERT INTO researcher VALUES('Daniel Berard', 'associate');
INSERT INTO researcher VALUES('Kim Metera', 'associate');
INSERT INTO researcher VALUES('Radin Tahvildari', 'associate');
INSERT INTO researcher VALUES('Romain Berti', 'associate');
INSERT INTO researcher VALUES('Sabrina Leslie', 'PI');
INSERT INTO researcher VALUES('Shane Scott', 'PhD');


INSERT INTO microscope VALUES('Nikon01', 'active');
INSERT INTO microscope VALUES('Nikon02', 'active');
INSERT INTO microscope VALUES('Nikon03', 'inactive');

INSERT INTO supervise VALUES('2018-05-01',NULL,'Radin Tahvildari', 'Wendy Ji');
INSERT INTO supervise VALUES('2018-05-01',NULL,'Radin Tahvildari', 'Zach Friedenberger');
INSERT INTO supervise VALUES('2017-02-01','2018-06-01','Radin Tahvildari', 'Haoran Liao');
INSERT INTO supervise VALUES('2017-02-01','2018-06-01','Radin Tahvildari', 'Yash Patel');
INSERT INTO supervise VALUES('2018-05-01',NULL,'Cindy Shaheen', 'Stone Chen');
INSERT INTO supervise VALUES('2018-05-01',NULL,'Cindy Shaheen', 'Zhi Zhang');
INSERT INTO supervise VALUES('2018-05-01',NULL,'Cindy Shaheen', 'Gracia Gu');
